,model,train,test
0,linreg,1025.5929507365834,51089.57571649918
1,tree,1025.4834635260395,1032.5413334087964
2,mean,1580.4606760028137,1606.034024457199
3,median,1626.873055970899,1651.6619617237513
