,model,train,test
0,linreg,718.8334805316364,1249.7265348076296
1,tree,718.8250408331537,727.0708111876621
2,mean,1131.815443059895,1144.5336902801373
3,median,1079.734162486425,1092.1664081083877
